{
  "name": "backbone.marionette",
  "description": "Make your Backbone.js apps dance with a composite application architecture!",
  "homepage": "http://marionettejs.org",
  "main": "./lib/core/backbone.marionette.js",
  "version": "2.1.0",
  "keywords": [
    "backbone",
    "framework",
    "client",
    "browser",
    "composite"
  ],
  "author": {
    "name": "Derick Bailey",
    "email": "derickbailey@gmail.com"
  },
  "ignore": [
    "docs",
    "reports",
    "spec",
    ".gitignore",
    ".travis.yml",
    ".editorconfig",
    ".jshintc",
    "build",
    "build.cmd",
    "Gruntfile.js",
    "CONTRIBUTING.md",
    "package.json",
    "addrem",
    "getdeps",
    "tmp"
  ],
  "dependencies": {
    "backbone": "1.0.0 - 1.1.2",
    "underscore": "1.4.4 - 1.6.0",
    "backbone.babysitter": "^0.1.0",
    "backbone.wreqr": "^1.0.0",
    "jquery": "1.8.0 - 2.1.0"
  },
  "devDependencies": {
    "sinonjs": "1.7.3",
    "jasmine-sinon": "0.3.1"
  },
  "_release": "2.1.0",
  "_resolution": {
    "type": "version",
    "tag": "v2.1.0",
    "commit": "391815f102b5c6ef209f8d98387806a253159d94"
  },
  "_source": "git://github.com/marionettejs/backbone.marionette.git",
  "_target": "2.1.0",
  "_originalSource": "backbone.marionette"
}