{
  "name": "underscore-contrib",
  "version": "0.3.0",
  "main": "dist/underscore-contrib.min.js",
  "homepage": "https://github.com/documentcloud/underscore-contrib",
  "authors": [
    "fogus <me@fogus.me>"
  ],
  "description": "The brass buckles on Underscore's utility belt",
  "keywords": [
    "underscore",
    "underscorejs",
    "documentcloud",
    "functional",
    "javascript"
  ],
  "license": "MIT",
  "ignore": [
    "**/.*",
    "node_modules",
    "bower_components",
    "test",
    "tests"
  ],
  "dependencies": {
    "underscore": ">=1.6.0"
  },
  "_release": "0.3.0",
  "_resolution": {
    "type": "version",
    "tag": "v0.3.0",
    "commit": "c5ab24b8d3cf80d9c7ead639199f94b81adb95ce"
  },
  "_source": "git://github.com/documentcloud/underscore-contrib.git",
  "_target": "0.3.0",
  "_originalSource": "underscore-contrib"
}