{
  "name": "backbone.wreqr",
  "version": "1.3.3",
  "homepage": "https://github.com/marionettejs/backbone.wreqr",
  "authors": [
    "Derick Bailey"
  ],
  "description": "A Simple Service Bus For Backbone and Backbone.Marionette",
  "main": "lib/backbone.wreqr.js",
  "keywords": [
    "backbone",
    "plugin",
    "computed",
    "field",
    "model"
  ],
  "dependencies": {
    "backbone": ">=0.9.9 <=1.2.1",
    "underscore": ">=1.3.3 <=1.8.3"
  },
  "devDependencies": {
    "grunt": "0.4.0",
    "grunt-contrib-jasmine": "0.4.1",
    "grunt-contrib-uglify": "0.1.2",
    "grunt-contrib-concat": "0.1.3",
    "grunt-contrib-jshint": "0.2.0",
    "grunt-contrib-watch": "0.3.1",
    "grunt-contrib-connect": "0.2.0",
    "grunt-template-jasmine-istanbul": "0.2.0",
    "grunt-preprocess": "2.0.0",
    "grunt-plato": "0.1.5"
  },
  "license": "MIT",
  "ignore": [
    "**/.*",
    "node_modules",
    "bower_components",
    "test",
    "tests",
    "public",
    "specs",
    ".gitignore",
    ".jshintrc",
    ".travis.yml",
    "Gruntfile.js",
    "component.json",
    "package.json"
  ],
  "_release": "1.3.3",
  "_resolution": {
    "type": "version",
    "tag": "v1.3.3",
    "commit": "63865a24c349ca60a0c3eb38b338126f6b0271a0"
  },
  "_source": "git://github.com/marionettejs/backbone.wreqr.git",
  "_target": "^1.0.0",
  "_originalSource": "backbone.wreqr"
}